Instance; Colors; Time (sec)
myciel3.col; 4; 1.9e-05
{1, 3, 11}{2, 4, 7, 9}{5, 6, 10}{8}
myciel7.col; 8; 0.024423
{1, 3, 11, 23, 47, 95, 191}{2, 4, 13, 15, 22, 49, 51, 58, 60, 62, 69, 94, 97, 99, 106, 108, 110, 117, 142, 144, 146, 153, 155, 157, 160, 162, 164, 167, 169, 176, 178, 180, 183, 185, 187, 189}{5, 6, 7, 10, 28, 29, 30, 33, 46, 100, 101, 102, 105, 118, 123, 124, 125, 128, 134, 135, 136, 139, 141, 147, 148, 149, 152, 165, 170, 171, 172, 175, 181, 182, 186, 188, 190}{8, 9, 26, 27, 31, 32, 50, 55, 56, 61, 66, 67, 70, 73, 74, 76, 78, 79, 84, 85, 87, 89, 90, 93, 98, 103, 104, 121, 122, 126, 127, 145, 150, 151, 156, 161, 168, 173, 174, 179, 184}{12, 14, 16, 24, 34, 35, 37, 39, 40, 42, 44, 45, 48, 59, 63, 71, 81, 82, 86, 91, 92, 96, 107, 109, 111, 119, 129, 130, 132, 137, 140, 143, 154, 158, 166, 177}{18, 21, 25, 36, 41, 52, 54, 57, 65, 68, 72, 75, 77, 80, 83, 88, 113, 116, 120, 131, 163}{17, 19, 20, 43, 53, 64, 112, 114, 115, 138, 159}{38, 133}
latin_square_10.col; 153; 1.07021
{1, 92, 183, 274, 371, 462, 553, 651, 742, 841}{5, 96, 187, 278, 411, 502, 593, 691, 782, 881}{9, 444, 539, 630, 655, 746}{87, 174, 265, 360, 408, 499, 845}{6, 417, 511, 599, 878}{95, 188, 277, 374, 467, 556, 683, 772, 890}{99, 378, 715, 809, 844}{47, 141, 233, 320, 375, 692, 779, 887}{2, 91, 184, 273, 380, 472, 561, 643, 732, 850}{94, 189, 373, 468, 557, 675, 764, 900}{98, 275, 377, 466, 554, 710, 798, 879}{3, 97, 186, 279, 394, 483, 576, 700, 792, 873}{7, 93, 185, 276, 427, 519, 610, 662, 753, 861}{4, 181, 272, 405, 488, 579, 713, 804, 821}{8, 182, 271, 441, 525, 614, 714, 803, 830}{11, 104, 193, 287, 383, 566, 680, 773, 854}{108, 196, 282, 387, 475, 719, 805, 877}{23, 110, 201, 294, 407, 591, 642, 735, 843}{14, 286, 414, 500, 592, 716, 853}{27, 204, 292, 443, 538, 626, 645, 733, 869}{18, 195, 447, 681, 872}{83, 175, 269, 358, 372, 555, 664, 880}{20, 115, 206, 291, 376, 552, 701, 787, 886}{138, 230, 321, 463, 652, 744, 852}{16, 101, 197, 285, 426, 521, 656, 889}{74, 165, 259, 346, 465, 654, 741, 868}{35, 120, 213, 304, 435, 529, 620, 745, 871}{58, 147, 240, 333, 390, 482, 653, 747, 864}{13, 194, 399, 491, 583, 862}{29, 118, 212, 306, 370, 464, 558, 635, 729}{56, 150, 239, 774, 855}{64, 156, 249, 338, 362, 455, 544, 860}{38, 129, 223, 315, 882}{65, 252, 339, 657, 743, 897}{10, 102, 198, 363, 459, 547, 666, 754, 899}{22, 109, 293, 397, 490, 581, 633, 725, 842}{103, 192, 288, 382, 471, 567, 670, 765, 846}{66, 157, 248, 381, 563, 661, 752, 851}{105, 384, 473, 690, 778, 859}{106, 385, 699, 791, 863}{107, 284, 386, 474, 709, 870}{21, 389, 485, 572, 647, 734, 888}{31, 119, 215, 398, 494, 585, 738, 891}{24, 207, 416, 513, 598, 648, 895}{25, 425, 522, 608, 896}{26, 434, 531, 619, 898}{113, 199, 460, 676, 769, 813}{117, 396, 478, 571, 712, 806, 814}{17, 190, 523, 649, 816}{15, 423, 505, 601, 817}{114, 296, 393, 575, 685, 818}{112, 289, 428, 517, 604, 757, 838}{12, 280, 392, 481, 568, 766, 847}{111, 205, 436, 530, 613, 748, 874}{43, 135, 224, 307, 432, 720, 802, 883}{116, 413, 501, 586, 793, 865}{44, 217, 311, 618, 807, 815}{69, 160, 244, 342, 496, 594, 783, 819}{162, 334, 550, 717, 856}{42, 128, 225, 595, 730, 892}{100, 191, 406, 498, 589, 632, 723, 831}{76, 171, 260, 349, 484, 573, 808}{126, 305, 492, 584, 718, 810}{62, 149, 241, 328, 437, 616, 673, 760}{88, 173, 262, 357, 600, 640}{51, 144, 226, 323, 602}{59, 153, 327, 493, 876}{60, 146, 235, 329, 590}{122, 208, 301, 438, 617, 770}{164, 253, 350, 574, 736}{86, 172, 268, 355, 580, 636}{202, 430, 518, 609, 689, 780}{214, 303, 401, 582, 682, 771}{80, 168, 257, 429, 607}{34, 123, 211, 611}{45, 132, 220, 448, 535, 627, 688}{70, 159, 247, 420, 508, 603, 679}{200, 450, 533, 628, 704, 799, 825}{297, 439, 527, 621}{143, 324, 422, 509, 707, 801}{84, 177, 266, 352, 559}{78, 166, 261, 343, 409, 504}{238, 325, 410}{170, 256, 345, 412, 588, 697, 786, 840}{53, 229, 316, 526, 739}{283, 365, 684}{216, 298, 402, 495, 577, 693, 775}{203, 295, 419, 510, 671, 763}{281, 404, 706, 795}{49, 232, 317, 395, 569, 794, 875}{19, 290, 367, 454, 541, 698, 785, 848}{134, 222, 431, 520, 612}{251, 335, 418, 512, 596, 665, 749, 884}{179, 354, 421, 597, 849}{124, 210, 302, 440, 696, 789, 833}{54, 137, 622, 646}{55, 152, 243, 330, 368, 545, 711}{209, 300, 403, 695}{72, 158, 250, 446, 672, 761}{63, 151, 242, 449, 540, 625}{176, 270, 551, 674, 759, 885}{32, 299, 587, 702, 893}{131, 218, 309, 524, 615, 677, 768}{67, 245, 336, 391, 479, 570, 668}{82, 180, 263, 451, 546}{155, 341, 361, 456, 548, 737}{267, 564, 708}{178, 366, 457, 543}{48, 139, 231, 562, 663, 751}{39, 221, 313, 565, 644}{125, 487, 578, 703, 811}{121, 514, 605, 667, 758}{52, 318, 606, 731, 867}{28, 364, 458, 549}{37, 453, 542, 777}{30, 469, 560, 694}{81, 169, 258, 537, 629, 781}{161, 532, 624, 812}{73, 369, 858}{353, 503, 740}{90, 356, 528, 788}{359, 400, 659, 826}{254, 351, 515, 756, 828}{46, 234, 750, 894}{33, 506, 797, 823}{85, 686, 820}{140, 227, 470, 762}{40, 133, 312, 486, 790}{236, 331, 497, 800}{75, 167, 348, 824}{50, 142, 827}{36, 534, 784, 829}{89, 776, 857}{41, 130, 308, 866}{77, 650, 822}{57, 148, 332, 658, 755}{79, 344, 767, 839}{264, 452, 678, 835}{61, 237, 516, 705, 837}{68, 154, 631, 722}{71, 246, 337, 687}{127, 310, 379, 476, 638}{219, 507, 796}{314, 480, 641, 836}{255, 347, 445, 660, 832}{136, 319, 477, 639}{228, 322, 461, 669}{340, 489, 726, 834}{145, 326, 442, 536, 623, 634, 721}{415, 637, 728}{433, 724}{163, 424}{388, 727}
school1.col; 37; 0.085752
{2, 13, 22, 40, 99, 104, 137, 138, 162, 168, 188, 194, 229, 236, 241, 285, 309, 361, 363, 370, 371, 372, 373, 374, 375}{105, 136, 140, 185, 193, 284, 313, 315, 316, 353, 354, 355, 357, 364, 365, 366, 367, 368, 369, 376, 377, 378, 380}{6, 66, 86, 91, 96, 109, 124, 152, 183, 195, 230, 234, 250, 261, 305, 314, 326, 329, 351, 360, 384, 385}{11, 44, 112, 130, 149, 153, 159, 186, 233, 238, 328, 362, 379}{12, 19, 53, 57, 100, 114, 116, 118, 121, 142, 155, 176, 187, 197, 237, 331, 359, 381}{14, 18, 56, 65, 110, 131, 145, 179, 228, 255, 273, 279, 382}{3, 21, 39, 54, 113, 125, 158, 171, 198, 231, 240, 306, 383}{7, 20, 32, 55, 85, 111, 120, 139, 157, 232, 252, 340}{23, 37, 64, 127, 144, 178, 182, 191, 201, 235, 253, 265}{17, 35, 50, 117, 119, 123, 160, 180, 200, 302, 323, 327, 339, 347}{16, 30, 62, 106, 115, 128, 141, 151, 154, 170, 276, 282, 320}{38, 78, 98, 108, 122, 161, 169, 251, 264, 345}{34, 126, 143, 175, 210, 222, 246, 272, 278, 301, 318}{31, 103, 129, 156, 174, 192, 202, 209, 308}{5, 24, 45, 61, 97, 213, 239, 254, 275, 277, 281}{1, 10, 42, 132, 189, 205, 211, 242, 247, 257, 330, 356}{60, 75, 133, 148, 166, 243, 288, 307, 321, 343, 346, 358}{8, 87, 93, 249, 263, 297, 319, 342, 344}{4, 25, 43, 71, 77, 83, 259, 280}{146, 164, 190, 196, 203, 295, 310, 311, 325}{36, 72, 79, 84, 92, 225, 274}{47, 74, 88, 101, 147, 199, 266, 286, 324}{26, 48, 58, 95, 226, 248, 258, 291, 293, 341}{41, 46, 49, 59, 94, 245, 287, 317, 348}{9, 29, 52, 68, 81, 102, 173, 208, 269, 290, 292}{89, 227, 260, 268, 299, 322, 334, 337}{70, 107, 150, 172, 184, 204, 223, 270, 271, 332}{51, 69, 134, 167, 177, 262, 298, 304, 335}{33, 63, 76, 80, 256, 283, 333}{67, 135, 163, 181, 212, 218, 267, 289, 296, 303, 338, 349}{27, 73, 90, 207, 215, 312}{28, 165, 224, 244, 294}{15, 82, 336, 352}{206, 214, 221}{216, 219}{217, 220, 300}{350}
school1_nsh.col; 34; 0.064109
{2, 5, 22, 40, 54, 99, 104, 112, 124, 137, 138, 142, 153, 159, 183, 195, 229, 234, 236, 238, 241, 285, 309, 328}{14, 28, 86, 91, 96, 116, 136, 155, 168, 186, 193, 233, 237, 284, 313, 315, 316, 326}{3, 19, 44, 75, 80, 100, 113, 121, 147, 161, 176, 188, 194, 228, 231, 243, 245, 314, 344, 348}{8, 18, 52, 65, 102, 110, 145, 179, 185, 235, 242, 255, 279, 347}{13, 57, 77, 84, 94, 118, 152, 154, 162, 170, 187, 250, 329}{6, 21, 31, 39, 51, 105, 109, 125, 140, 150, 156, 171, 240, 306}{7, 20, 56, 85, 111, 120, 157, 167, 232, 252, 261, 340}{23, 37, 64, 127, 144, 178, 182, 191, 201, 253, 265}{35, 50, 106, 123, 141, 177, 189, 200, 219, 302, 323, 327, 331, 339}{15, 30, 33, 108, 128, 151, 165, 180, 214, 318}{16, 38, 53, 98, 117, 122, 169, 190, 251, 264, 337}{10, 34, 55, 126, 143, 210, 225, 246, 272, 278, 301}{97, 119, 129, 192, 197, 209, 239, 254, 263, 308}{87, 103, 114, 132, 134, 164, 196, 198, 247, 286, 330}{17, 24, 43, 83, 133, 135, 148, 175, 202, 221}{4, 107, 115, 149, 249, 275, 277, 281, 311}{12, 36, 61, 79, 216, 259, 305, 324}{47, 71, 76, 88, 93, 139, 158, 160, 203, 319}{27, 60, 92, 213, 227, 256, 268, 288, 295, 307, 343, 346}{45, 74, 78, 81, 257, 274, 280, 321}{9, 42, 49, 66, 70, 163, 181, 320}{46, 72, 89, 174, 206, 291, 325, 333, 336, 352}{41, 73, 101, 287, 299, 310, 317, 342, 345}{1, 26, 58, 146, 166, 204, 212, 223, 262, 296, 341}{32, 95, 226, 260, 266, 297, 338}{25, 48, 62, 172, 199, 244, 276, 294, 304}{90, 207, 211, 258, 283, 298, 322, 332, 335, 350}{82, 173, 215, 273, 334}{11, 59, 69, 184, 303, 351}{29, 68, 130, 208, 230, 248, 269, 290, 292, 312}{205, 217, 220, 222, 270, 271, 300}{218, 224, 282, 349}{63, 131, 293}{67, 267, 289}
mulsol.i.1.col; 49; 0.011535
{1, 17, 58, 61, 66, 69, 70, 72, 76, 78, 79, 81, 82, 84, 86, 89, 92, 94, 95, 97, 98, 100, 101, 103, 105, 106, 110, 113, 115, 116, 119, 122, 123, 124, 132, 133, 134, 140, 141, 143, 155, 156, 158, 159, 167, 168, 170, 171, 172, 175, 179, 180, 182, 183, 185, 186, 188, 190, 193, 194, 196}{2, 26}{4, 39}{5, 40}{3, 25}{6, 41}{14, 24}{13, 23}{7, 42}{12, 22}{11, 21}{16, 20}{10, 19}{9, 18}{8, 27}{15, 28}{29, 47}{30, 48}{31, 49}{32, 50}{43, 51}{44, 52}{45, 53}{46, 54}{55, 56}{57, 65, 191, 192}{59, 67}{60, 68, 71}{62, 74, 189}{63, 75, 187, 197}{38, 64, 80, 184}{77, 83, 121, 125, 126, 127, 128, 129, 130, 131, 135, 136, 137, 139, 145, 151, 154, 160, 164, 166, 195}{34, 85, 138, 147, 150, 153, 161, 163, 165, 173, 174, 176, 177, 178}{87, 149, 162}{88}{90, 91}{99}{104}{107}{93, 111}{96, 112}{102, 114}{108, 117}{118}{109, 120}{33, 73}{35, 36, 37, 142}{144, 157, 169, 181}{146, 148, 152}
inithx.i.1.col; 54; 0.884197
{1, 17, 35, 92, 93, 94, 97, 101, 104, 107, 110, 111, 114, 118, 120, 122, 123, 124, 125, 126, 127, 128, 129, 131, 135, 136, 138, 140, 144, 146, 147, 148, 149, 150, 151, 153, 154, 155, 156, 157, 158, 160, 161, 164, 167, 169, 171, 172, 176, 177, 178, 179, 181, 184, 189, 194, 195, 198, 203, 206, 211, 213, 216, 218, 221, 223, 226, 228, 231, 235, 237, 243, 244, 246, 247, 248, 249, 250, 252, 259, 260, 263, 265, 269, 273, 275, 279, 281, 284, 286, 289, 291, 293, 294, 295, 296, 298, 299, 300, 301, 303, 308, 310, 311, 315, 316, 317, 319, 320, 322, 324, 326, 330, 332, 333, 335, 341, 343, 346, 348, 350, 352, 354, 355, 357, 359, 361, 363, 367, 370, 375, 380, 381, 383, 386, 388, 390, 391, 392, 394, 395, 396, 398, 399, 403, 406, 408, 410, 411, 412, 413, 415, 416, 417, 419, 424, 426, 427, 429, 433, 434, 436, 438, 439, 440, 447, 449, 450, 456, 457, 459, 462, 464, 468, 469, 470, 471, 475, 483, 484, 488, 489, 490, 493, 495, 497, 499, 502, 503, 505, 509, 511, 512, 514, 515, 516, 517, 519, 520, 522, 523, 524, 526, 527, 528, 529, 531, 532, 533, 535, 536, 537, 538, 540, 548, 551, 553, 554, 555, 556, 558, 559, 561, 563, 568, 570, 571, 578, 580, 581, 582, 586, 590, 597, 600, 607, 609, 614, 618, 622, 623, 625, 629, 632, 634, 637, 639, 643, 650, 653, 661, 666, 667, 668, 669, 671, 677, 678, 681, 683, 685, 686, 687, 688, 690, 691, 692, 694, 699, 701, 702, 706, 710, 714, 715, 717, 719, 720, 723, 725, 727, 736, 737, 738, 740, 741, 742, 744, 749, 752, 753, 755, 757, 759, 760, 762, 763, 764, 767, 769, 770, 773, 774, 776, 781, 783, 788, 791, 792, 793, 795, 797, 799, 800, 802, 805, 806, 811, 812, 813, 814, 815, 816, 817, 818, 819, 820, 821, 822, 824, 828, 831, 833, 834, 835, 836, 838, 839, 840, 843, 848, 850, 851, 854, 860, 862, 863}{2, 27}{3, 28}{12, 29}{11, 30}{13, 31}{14, 32}{4, 73}{5, 74}{6, 75}{7, 76}{15, 26}{8, 77}{16, 25}{9, 78}{10, 24}{79, 81}{80, 82}{23, 86}{22, 85}{83, 96, 99, 102}{21, 84}{20, 87}{19, 88}{18, 89}{47, 100, 103, 106, 108, 112}{48, 90, 113, 180, 182, 186, 187, 191, 193, 477, 479, 482, 501, 560, 638, 663, 664, 680, 729, 731, 733, 735, 758, 798, 807, 808}{49, 91, 95, 349, 430, 437, 441, 448, 451, 452, 454, 455, 458, 460, 465, 467, 472, 473, 476, 478, 481, 496, 498, 500, 504, 506, 579, 616, 619, 620, 621, 640, 656, 658, 707, 713, 730, 732, 734}{109, 115, 117, 183, 185, 190, 192, 442, 446, 453, 463, 466, 474, 492, 507, 508, 513, 521, 530, 584, 588, 601, 602, 603, 604, 651, 654, 655, 659, 662, 708, 711, 712}{36, 39, 54, 121, 139, 196, 197, 200, 201, 204, 208, 210, 214, 215, 219, 220, 224, 225, 229, 232, 233, 236, 241, 264, 267, 271, 290, 323, 328, 331, 340, 344, 351, 445, 494, 510, 525, 534, 583, 593, 594, 605, 612, 615, 652, 660, 709, 841}{33, 40, 98, 116, 141, 143, 188, 199, 202, 205, 207, 212, 217, 222, 227, 230, 234, 239, 240, 245, 270, 272, 327, 329, 342, 358, 371, 372, 373, 378, 379, 518, 585, 587, 592, 595, 598, 606, 610, 611, 613, 617, 855, 857, 858, 861}{52, 119, 142, 159, 209, 266, 282, 283, 288, 360, 364, 365, 368, 374, 376, 377, 589, 591, 596, 599, 608, 856, 859}{53, 162, 163, 165, 168, 175, 238, 268, 277, 278, 362, 366, 369}{37, 41, 51, 57, 130, 166, 174, 274, 276, 280, 287, 325, 336, 347}{38, 50, 58, 60, 132, 170, 321, 334, 635, 648, 649, 665}{42, 56, 71, 487, 491, 626, 739}{55, 539, 627, 641, 646, 647, 657, 724, 779, 780, 790, 803, 804, 809, 810}{67, 68, 105, 480, 485, 486, 541, 628, 633, 642, 645, 718}{69, 133, 242, 384, 542, 630, 631, 636, 644}{62, 65, 134, 251, 337, 345, 385, 389, 543, 670, 823}{43, 137, 152, 253, 338, 353, 544, 672, 796, 825}{34, 44, 145, 254, 339, 356, 393, 443, 545, 673, 721, 726, 765, 768, 771, 826}{45, 46, 173, 255, 382, 387, 444, 461, 546, 674, 722, 728, 747, 748, 751, 772, 827}{63, 66, 256, 547, 675, 743, 746, 750, 754, 766, 786, 787, 794, 801, 829, 837}{61, 72, 257, 397, 549, 557, 676, 745, 756, 775, 778, 782, 785, 789, 830, 846, 847}{70, 258, 400, 550, 566, 567, 569, 679, 689, 761, 777, 784, 832, 842, 845, 849}{59, 261, 297, 401, 552, 562, 565, 572, 682, 697, 698, 700, 844, 852}{262, 306, 307, 309, 402, 564, 573, 684, 693, 696, 703, 853}{285, 292, 302, 305, 312, 404, 414, 574, 695, 704, 864}{304, 313, 405, 575, 705}{64, 314, 407, 422, 423, 576, 716}{318, 409, 418, 421, 425, 577}{420, 428, 624}{431, 432, 435}
anna.col; 11; 0.004154
{1, 2, 3, 5, 14, 17, 18, 24, 30, 32, 37, 38, 48, 52, 54, 56, 60, 61, 65, 66, 71, 84, 86, 93, 98, 110, 112, 119, 122, 125, 126, 129, 133, 134, 137}{4, 8, 9, 10, 12, 15, 22, 23, 25, 27, 29, 31, 34, 35, 36, 39, 40, 41, 42, 43, 44, 46, 47, 49, 50, 53, 55, 57, 58, 63, 67, 69, 75, 78, 82, 87, 88, 97, 102, 105, 107, 109, 111, 113, 114, 117, 120, 121, 124, 128}{7, 11, 13, 16, 21, 28, 59, 62, 73, 80, 89, 90, 95, 96, 123, 127, 130, 131, 132}{64, 74, 77, 79, 100, 103, 104, 106, 115, 118}{19, 26, 45, 51, 68, 72, 92, 94, 135}{6, 70, 76, 138}{33, 101, 136}{20, 83, 85, 116}{99, 108}{81}{91}
huck.col; 11; 0.00073
{7, 8, 26, 28, 33, 35, 37, 43, 55, 61, 63, 71}{4, 5, 15, 16, 17, 24, 36, 48, 51, 52, 54, 66, 70, 72}{3, 18, 23, 32, 41, 42, 45, 49, 58, 65}{1, 6, 30, 31, 53, 57}{9, 11, 20, 62, 73, 74}{2, 10, 12, 13, 14, 21, 22, 60}{19, 25, 34, 38, 46, 47, 69}{27, 29, 39, 44, 67}{40, 56, 64}{50, 68}{59}
jean.col; 10; 0.000889
{1, 8, 11, 12, 13, 16, 18, 21, 23, 24, 26, 32, 33, 34, 36, 37, 41, 45, 49, 51, 52, 54, 65, 71, 74, 80}{3, 10, 14, 29, 30, 31, 43, 48, 53, 56, 61, 62, 64, 67, 70, 72, 76}{2, 4, 15, 17, 25, 28, 42, 60, 78}{5, 9, 27, 46, 57, 75, 77}{6, 7, 20, 40, 44}{19, 22, 35, 59, 63}{39, 55, 66, 69}{38, 47, 50, 58, 73}{68}{79}
miles1000.col; 44; 0.003486
{5, 17, 22, 27, 34, 56}{3, 36, 47, 51, 76, 106}{49, 72, 87, 88, 95}{48, 59, 61, 119, 121, 128}{4, 12, 60, 62}{8, 9, 23, 31, 35}{21, 33, 68}{16, 18, 91, 103}{26, 32, 92}{28, 98, 104}{37, 43, 84, 124}{1, 40, 50, 52}{11, 74, 107, 112}{15, 42, 66, 80}{29, 63, 93, 110}{54, 55, 65, 81, 123}{57, 77, 85, 97, 126}{14, 41, 64}{13, 44, 99}{10, 108}{96, 114, 120}{102, 115}{45, 117}{75, 90}{100, 111}{83, 105, 122}{2, 79}{109, 127}{7, 71}{67, 78, 113}{69, 89}{20, 70, 125}{19, 24}{30, 39}{38, 73}{6, 94}{101, 116}{53}{25}{46}{58}{82}{86}{118}
miles1500.col; 73; 0.003674
{29, 79}{54, 108}{77, 110}{3, 27}{36, 81, 109}{9, 39, 95}{15, 56, 74}{21, 61, 80}{22, 42, 90, 106}{49, 60, 105}{50, 112, 114}{59, 117}{63, 128}{1, 11, 82}{8, 48}{17, 43}{78, 85}{4, 86, 102}{18, 125}{5, 62}{26, 68}{40, 73}{76, 104}{88, 124}{91}{92}{100}{19}{28, 37}{101}{52, 87}{47, 99}{35, 64}{34, 67}{55, 118, 121}{57}{66}{51, 70}{122}{25, 98}{107}{123}{7, 120}{23, 97}{32, 115}{126}{31, 94}{38, 103}{6, 33}{16, 71}{65, 89}{12, 13}{75}{96}{127}{2}{45, 72}{84}{14, 44}{69, 119}{111}{10}{93}{113}{20}{24}{30}{41}{46}{53}{58}{83}{116}
fpsol2.i.1.col; 65; 0.175629
{1, 17, 34, 35, 36, 37, 39, 40, 41, 42, 48, 49, 51, 52, 53, 54, 56, 57, 58, 60, 61, 65, 68, 69, 70, 71, 72, 73, 75, 109, 111, 112, 115, 118, 126, 127, 128, 131, 133, 134, 135, 139, 140, 142, 143, 144, 146, 148, 152, 153, 154, 155, 157, 158, 162, 164, 165, 167, 169, 173, 174, 175, 176, 177, 178, 179, 180, 181, 184, 186, 187, 188, 191, 192, 193, 194, 195, 196, 198, 199, 202, 205, 206, 207, 208, 209, 210, 211, 212, 215, 217, 227, 229, 231, 233, 235, 237, 243, 247, 253, 254, 256, 257, 260, 266, 268, 270, 272, 274, 278, 284, 285, 287, 288, 289, 290, 291, 292, 293, 294, 295, 298, 300, 301, 304, 306, 307, 309, 311, 312, 314, 316, 319, 320, 322, 323, 324, 326, 330, 332, 334, 335, 337, 341, 342, 345, 346, 347, 348, 349, 350, 352, 353, 354, 356, 357, 359, 361, 362, 363, 365, 367, 369, 370, 371, 372, 373, 374, 375, 376, 377, 378, 381, 382, 385, 387, 389, 392, 396, 397, 399, 400, 403, 406, 408, 410, 414, 416, 417, 418, 419, 420, 422, 424, 425, 427, 428, 429, 430, 432, 435, 437, 439, 440, 442, 444, 446, 447, 448, 450, 453, 455, 456, 458, 461, 464, 466, 468, 472, 476, 477, 479, 481, 485, 487, 489, 492, 494, 495}{2, 27}{3, 90}{4, 91}{5, 92}{11, 28}{12, 29}{13, 30}{14, 31}{15, 32}{6, 93}{16, 26}{7, 94}{8, 25}{9, 95}{10, 24}{96, 98}{97, 99}{100, 107}{101, 108}{102, 110}{103, 113}{104, 114}{105, 116}{106, 117}{23, 64, 163, 216, 279, 281, 283, 317, 318, 393, 395, 454, 473, 475, 493}{22, 244, 246, 251, 252, 280, 282, 394, 423, 426, 474}{21, 245, 248, 250}{20, 249}{19}{119, 310}{18}{120, 296}{121, 297}{76, 122, 299}{123, 303}{124, 305}{86, 125, 302, 308, 313}{129, 168, 315}{130, 171, 321}{55, 79, 132, 170, 172}{74, 80}{33, 38}{47, 67, 138, 401, 404}{50, 66, 84, 258, 262, 267, 480}{59, 141, 325, 460, 462, 465}{62, 85, 137, 149, 327, 459, 482, 483, 486}{136, 147, 150, 182, 329, 463, 467, 469, 484, 488, 490}{145, 151, 183, 328, 333, 470, 491}{45, 81, 156, 189, 190, 336, 471, 496}{43, 159, 185, 197, 338, 478}{63, 160, 200, 204, 213, 221, 222, 228, 331}{83, 161, 203, 220, 223, 232, 339}{46, 166, 201, 219, 226, 238, 343}{44, 82, 214, 218, 230, 239, 259, 265, 269, 340, 344, 351, 355, 358, 431}{77, 78, 224, 234, 240, 263, 271, 275, 434}{225, 236, 241, 261, 264, 273, 276, 360, 433, 438}{89, 242, 277, 366, 379, 436, 441}{255, 286, 368, 380, 383, 386, 443, 449, 451}{87, 384, 388, 390, 402, 407, 445}{364, 391, 411, 452}{398, 405, 412, 457}{88, 409}{413}{415, 421}
le450_5a.col; 11; 0.148657
{1, 6, 25, 31, 55, 60, 81, 91, 92, 95, 126, 128, 156, 161, 170, 172, 175, 191, 200, 202, 210, 211, 216, 221, 224, 244, 250, 251, 261, 264, 271, 276, 278, 286, 306, 325, 339, 341, 366, 377, 382, 385, 391, 396, 421, 424, 430, 435, 441}{14, 16, 26, 32, 37, 40, 45, 54, 62, 64, 66, 78, 85, 102, 105, 116, 118, 135, 144, 153, 157, 160, 166, 176, 190, 196, 206, 212, 234, 239, 246, 282, 287, 289, 343, 351, 356, 370, 372, 380, 388, 392, 393, 427}{3, 12, 19, 33, 36, 44, 49, 61, 83, 86, 88, 89, 90, 93, 108, 114, 133, 138, 143, 148, 164, 179, 183, 188, 193, 198, 201, 223, 227, 228, 270, 279, 291, 299, 313, 316, 338, 345, 358, 359, 361, 363, 368, 373, 379, 389, 404, 413, 414, 422, 423, 432, 449}{4, 5, 20, 22, 28, 38, 39, 51, 52, 75, 76, 82, 106, 110, 111, 115, 119, 123, 129, 132, 141, 145, 147, 151, 169, 186, 192, 195, 197, 208, 225, 226, 231, 241, 243, 256, 258, 262, 263, 268, 300, 305, 312, 322, 330, 331, 411, 417, 420, 438, 445, 446}{42, 71, 96, 101, 103, 120, 134, 140, 159, 163, 165, 167, 174, 180, 181, 199, 215, 240, 249, 255, 257, 266, 267, 275, 280, 304, 310, 321, 336, 357, 360, 365, 383, 384, 387, 394, 395, 408, 412, 418, 425, 426, 429, 431}{10, 11, 17, 43, 48, 65, 70, 72, 84, 98, 125, 127, 131, 136, 146, 155, 162, 184, 203, 269, 274, 284, 294, 295, 296, 298, 301, 309, 314, 326, 335, 347, 352, 353, 354, 355, 371, 378, 381, 409, 416, 442, 450}{27, 35, 47, 53, 56, 63, 68, 73, 77, 87, 99, 104, 113, 122, 158, 168, 171, 173, 177, 189, 205, 209, 235, 247, 272, 273, 281, 288, 293, 302, 303, 317, 324, 329, 333, 340, 348, 398, 402, 406, 428, 440}{2, 15, 18, 34, 41, 57, 59, 97, 100, 112, 117, 124, 130, 149, 152, 182, 185, 187, 194, 207, 214, 220, 232, 237, 252, 254, 277, 290, 292, 311, 315, 318, 323, 327, 334, 337, 342, 364, 367, 376, 400, 405, 410, 437, 447}{8, 9, 13, 21, 23, 50, 67, 69, 74, 79, 137, 139, 142, 150, 154, 217, 222, 229, 242, 248, 259, 260, 265, 283, 285, 297, 307, 308, 320, 332, 346, 349, 399, 403, 407, 419, 436, 439, 443}{7, 24, 29, 30, 46, 80, 94, 107, 109, 121, 178, 204, 219, 230, 233, 236, 238, 253, 319, 344, 350, 362, 369, 374, 375, 386, 390, 397, 401, 433, 434, 444}{58, 213, 218, 245, 328, 415, 448}
le450_15b.col; 19; 0.130019
{9, 14, 24, 29, 32, 51, 59, 65, 68, 75, 79, 92, 107, 129, 134, 142, 150, 159, 184, 189, 200, 209, 210, 213, 226, 236, 246, 261, 287, 292, 302, 327, 347, 353, 356, 365, 391, 401, 405, 407, 417, 434, 439, 444, 447}{2, 11, 28, 30, 33, 34, 48, 60, 80, 91, 100, 101, 102, 115, 116, 141, 155, 157, 160, 174, 186, 216, 230, 255, 262, 271, 282, 301, 306, 322, 348, 357, 360, 382, 384, 385, 409, 421}{27, 35, 50, 54, 108, 117, 153, 179, 183, 188, 227, 231, 239, 294, 331, 335, 350, 359, 361, 371, 390, 399, 414, 423, 429}{23, 49, 74, 77, 98, 103, 140, 175, 177, 205, 215, 224, 238, 265, 270, 290, 309, 313, 316, 317, 325, 398, 415, 441}{10, 57, 61, 62, 86, 93, 109, 130, 138, 143, 212, 222, 242, 252, 276, 288, 323, 334, 346, 368, 383, 386, 392, 403, 404, 422}{4, 15, 38, 40, 66, 72, 90, 176, 191, 214, 221, 223, 228, 232, 267, 275, 291, 321, 341, 369, 387, 397, 400, 413, 432, 440}{5, 45, 67, 84, 105, 114, 137, 144, 145, 148, 169, 194, 202, 219, 234, 241, 257, 281, 338, 339, 352, 358, 374, 406, 419, 426}{36, 44, 69, 89, 120, 126, 133, 164, 196, 199, 201, 243, 248, 260, 269, 289, 299, 305, 319, 349, 355, 362, 366, 433, 446}{3, 21, 31, 46, 53, 64, 85, 96, 104, 121, 128, 149, 151, 163, 185, 190, 208, 244, 258, 286, 310, 315, 340, 345, 381, 402, 430, 443, 448}{55, 94, 123, 165, 170, 178, 192, 204, 250, 253, 254, 272, 285, 296, 303, 307, 308, 328, 393, 394, 396, 412, 436, 438}{22, 83, 87, 97, 112, 122, 132, 139, 211, 235, 251, 279, 280, 295, 304, 318, 320, 342, 343, 380, 408, 424, 425}{1, 7, 20, 26, 41, 58, 73, 76, 99, 106, 119, 124, 125, 136, 158, 173, 181, 264, 273, 278, 329, 337, 351, 375, 377, 437}{6, 16, 39, 42, 56, 111, 113, 127, 131, 206, 217, 218, 229, 266, 268, 293, 300, 336, 370, 373, 378, 427}{17, 47, 63, 70, 71, 95, 110, 147, 154, 168, 180, 220, 225, 314, 332, 333, 344, 354, 367, 379, 416, 418, 420, 435}{13, 37, 43, 52, 82, 88, 118, 166, 240, 245, 247, 249, 263, 274, 277, 283, 284, 312, 330, 376, 388, 395, 410, 411, 428, 450}{8, 18, 19, 25, 78, 146, 152, 197, 198, 207, 233, 256, 259, 298, 324, 326, 363, 364, 389, 442, 449}{81, 161, 162, 167, 172, 182, 187, 193, 195, 203, 237, 297, 431, 445}{135, 156, 171, 311, 372}{12}
le450_25a.col; 25; 0.132894
{6, 13, 14, 15, 18, 30, 36, 42, 47, 68, 80, 87, 107, 115, 116, 118, 125, 137, 145, 146, 148, 151, 154, 167, 179, 194, 214, 215, 220, 225, 232, 242, 244, 250, 268, 272, 276, 279, 295, 314, 315, 322, 323, 327, 350, 396, 408, 420, 431, 450}{8, 25, 41, 45, 49, 62, 66, 81, 106, 108, 112, 117, 124, 135, 155, 161, 166, 168, 171, 176, 190, 211, 212, 235, 237, 243, 255, 267, 278, 280, 283, 285, 299, 303, 304, 316, 324, 338, 353, 354, 373, 386, 387, 389, 393, 403, 412, 428, 433, 434, 436}{28, 46, 50, 69, 94, 129, 140, 193, 196, 200, 208, 222, 236, 240, 253, 262, 325, 341, 359, 391, 411, 424, 447}{3, 24, 34, 35, 43, 53, 56, 77, 82, 89, 144, 180, 204, 218, 231, 249, 441, 442, 449}{9, 19, 29, 38, 61, 65, 74, 93, 98, 101, 130, 150, 184, 210, 233, 241, 258, 273, 362, 372, 421}{4, 27, 60, 63, 72, 85, 95, 103, 105, 109, 178, 182, 226, 251, 257, 288, 298, 301, 331, 358, 401, 405}{16, 22, 55, 67, 78, 104, 113, 158, 160, 162, 170, 185, 263, 296, 300, 371, 394, 422, 438}{12, 32, 52, 64, 86, 97, 114, 121, 134, 139, 156, 202, 317, 337, 349, 357, 382, 399, 416}{1, 21, 23, 31, 57, 122, 132, 138, 147, 201, 209, 213, 247, 289, 328, 410, 423, 448}{44, 84, 173, 188, 217, 221, 269, 270, 294, 311, 336, 344, 395, 404, 406}{59, 73, 159, 163, 206, 252, 305, 306, 321, 329, 332, 339, 376, 390, 392, 417, 429}{11, 33, 54, 91, 111, 133, 174, 181, 254, 287, 291, 312, 330, 345, 360, 364, 379, 432}{17, 90, 128, 136, 186, 195, 197, 227, 271, 307, 326, 363, 414, 445}{5, 20, 71, 110, 143, 172, 187, 297, 309, 313, 334, 335, 343, 388, 425, 427}{26, 51, 76, 79, 83, 127, 141, 191, 216, 224, 260, 351, 356, 426, 437}{2, 75, 88, 120, 131, 157, 165, 205, 238, 259, 266, 308, 320, 340, 402, 435, 439}{126, 142, 153, 189, 192, 198, 281, 293, 367, 369, 370, 383}{37, 40, 102, 175, 239, 256, 342, 352, 355, 368, 385}{58, 92, 99, 183, 223, 228, 230, 248, 275, 282, 400}{70, 119, 149, 245, 264, 274, 290, 310, 319, 346, 398}{100, 169, 246, 277, 333, 374, 377, 409, 413}{7, 10, 199, 302, 361, 375, 397, 444}{48, 96, 123, 152, 207, 219, 229, 261, 318, 378, 384}{39, 164, 177, 203, 265, 284, 286, 347, 365, 380, 415, 419}{234, 292, 348, 366, 381, 407, 418, 430, 440, 443, 446}
games120.col; 9; 0.002722
{6, 7, 15, 20, 23, 29, 30, 32, 33, 34, 46, 49, 58, 84, 100, 105}{2, 3, 10, 14, 16, 17, 19, 37, 38, 72, 73, 82, 85, 93, 98, 107}{12, 25, 26, 27, 39, 44, 53, 54, 60, 61, 79, 89, 94, 101, 106, 108, 111, 114, 119}{11, 18, 36, 45, 56, 59, 62, 63, 67, 69, 70, 77, 78, 102, 113, 120}{1, 9, 13, 22, 24, 35, 47, 48, 50, 52, 64, 65, 66, 71, 88, 109, 110, 115}{5, 31, 40, 42, 43, 57, 68, 75, 86, 87, 95, 96, 116}{8, 21, 28, 41, 51, 74, 76, 80, 90, 92, 97, 99, 112}{4, 55, 81, 83, 91, 104, 117}{103, 118}
queen11_11.col; 15; 0.004012
{9, 23, 38, 52, 61, 70, 84, 99, 113}{4, 41, 49, 62, 75, 83, 90, 120}{2, 20, 25, 43, 51, 66, 72, 89, 107, 114}{14, 28, 44, 46, 60, 73, 81, 119}{12, 30, 37, 65, 88, 91, 104, 117}{10, 15, 33, 47, 64, 68, 82, 96, 105, 111}{7, 22, 26, 39, 53, 71, 80, 109, 118}{1, 18, 36, 55, 63, 76, 79, 92}{3, 17, 24, 54, 59, 86, 93, 100, 121}{6, 19, 32, 40, 45, 58, 97, 101, 115}{5, 21, 34, 74, 95, 108, 112}{13, 29, 42, 48, 67, 87, 110, 116}{11, 27, 35, 69, 78, 94, 103}{16, 31, 57, 77, 85, 98, 102}{8, 50, 56, 106}
queen5_5.col; 7; 4.2e-05
{2, 10, 13, 16, 24}{5, 7, 14, 23}{9, 11, 18, 25}{1, 12, 20}{8, 15, 17}{4, 21}{3, 6, 19, 22}
